-- Additional New Users (note: existing users are BarathThanigai, Thasshien, Karnaveer10, amitesh013, Vishwa-Thangapandian)
INSERT INTO `user` (user_id, username, email, state, country, followers_count) VALUES
    (145623789, "Riya-Dev", "riya.devwork@gmail.com", "Karnataka", "India", 8),
    (189445023, "Rahul-Kumar", "rahul.kumar.dev@gmail.com", "Delhi", "India", 12),
    (156234567, "Priya-Singh", "priya.singh@gmail.com", "Punjab", "India", 6),
    (198765432, "Arjun-Patel", "arjun.patel@outlook.com", "Gujarat", "India", 10),
    (167890123, "Neha-Sharma", "neha.sharma.api@gmail.com", "Haryana", "India", 7),
    (175432198, "Dev-Agarwal", "dev.agarwal@gmail.com", "Maharashtra", "India", 9),
    (182109876, "Sanjana-Gupta", "sanjana.gupta@gmail.com", "Uttar Pradesh", "India", 5),
    (190876543, "Karan-Singh", "karan.singh.backend@gmail.com", "Rajasthan", "India", 11),
    (158234651, "Anjali-Roy", "anjali.roy.ml@gmail.com", "West Bengal", "India", 14),
    (195432109, "Vivek-Deshpande", "vivek.deshpande@gmail.com", "Tamil Nadu", "India", 13);

-- New Repositories for Existing Users
INSERT INTO repository (repo_id, repo_name, visibility, created_at, user_id, parent_repo_id) VALUES
    (1055432100, "Python-Web-Framework", "public", "2025-07-01 10:00:00", 174858312, NULL),
    (1055432101, "Vue-Components-Library", "public", "2025-07-03 11:30:00", 212506208, NULL),
    (1055432102, "Mobile-App-Flutter", "public", "2025-07-05 09:15:00", 178605487, NULL),
    (1055432103, "Golang-Microservice", "public", "2025-07-08 14:00:00", 200494277, NULL),
    (1055432104, "Rust-System-Tool", "public", "2025-07-10 12:45:00", 178005446, NULL),
    (1055432105, "Kotlin-Android-App", "public", "2025-07-12 10:30:00", 174858312, NULL),
    (1055432106, "Swift-iOS-Framework", "private", "2025-07-15 16:20:00", 212506208, NULL),
    (1055432107, "PHP-CMS-System", "public", "2025-07-18 13:10:00", 178605487, NULL),
    (1055432108, "Ruby-Rails-Blog", "public", "2025-07-20 15:45:00", 200494277, NULL),
    (1055432109, "C-Sharp-Desktop-App", "public", "2025-07-22 11:00:00", 178005446, NULL),
    (1055432110, "Shell-DevOps-Scripts", "public", "2025-07-25 09:30:00", 174858312, NULL),
    (1055432111, "R-Data-Science", "public", "2025-07-28 14:15:00", 212506208, NULL),


    (1012345678, "E-Commerce-API", "public", "2025-07-01 08:30:00", 145623789, NULL),
    (1013456789, "Machine-Learning-Pipeline", "public", "2025-07-05 10:15:00", 189445023, NULL),
    (1014567890, "React-Dashboard", "public", "2025-07-10 14:45:00", 156234567, NULL),
    (1015678901, "Cloud-Storage-Service", "public", "2025-07-15 09:20:00", 198765432, NULL),
    (1016789012, "RestAPI-Security", "public", "2025-07-20 11:50:00", 167890123, NULL),
    (1017890123, "WebSocket-Chat", "public", "2025-07-25 13:30:00", 175432198, NULL),
    (1018901234, "Data-Analysis-Tool", "public", "2025-08-01 15:45:00", 182109876, NULL),
    (1019012345, "Microservices-Architecture", "public", "2025-08-05 10:00:00", 190876543, NULL),
    (1020123456, "Deep-Learning-Model", "public", "2025-08-10 16:20:00", 158234651, NULL),
    (1021234567, "GraphQL-Server", "public", "2025-08-15 12:10:00", 195432109, NULL),
    (1022345678, "DevOps-Toolkit", "private", "2025-08-20 09:30:00", 145623789, NULL),
    (1023456789, "Blockchain-Smart-Contracts", "public", "2025-08-25 14:15:00", 189445023, NULL);

-- Collaborators for Existing Users on New Repos
INSERT INTO collaborator (user_id, repo_id, lines_added, lines_deleted) VALUES
    (174858312, 1055432100, 1800, 200),
    (212506208, 1055432101, 2100, 280),
    (178605487, 1055432102, 2400, 350),
    (200494277, 1055432103, 1950, 220),
    (178005446, 1055432104, 2200, 300),
    (174858312, 1055432105, 2600, 400),
    (212506208, 1055432106, 1500, 150),
    (178605487, 1055432107, 1750, 180),
    (200494277, 1055432108, 2000, 250),
    (178005446, 1055432109, 2300, 320),
    (174858312, 1055432110, 1200, 100),
    (212506208, 1055432111, 2800, 450),
    
    (145623789, 1012345678, 2500, 300),
    (189445023, 1013456789, 3200, 450),
    (156234567, 1014567890, 1800, 200),
    (198765432, 1015678901, 2100, 180),
    (167890123, 1016789012, 2700, 350),
    (175432198, 1017890123, 1950, 220),
    (182109876, 1018901234, 2300, 280),
    (190876543, 1019012345, 3500, 500),
    (158234651, 1020123456, 4000, 600),
    (195432109, 1021234567, 2200, 250),
    (145623789, 1019012345, 1200, 100),
    (189445023, 1015678901, 800, 50),
    (156234567, 1020123456, 1500, 150),
    (198765432, 1012345678, 600, 40),
    (167890123, 1023456789, 2800, 400);

-- Commits for Existing Users' New Repositories
INSERT INTO commit_table (commit_id, commit_message, commit_time, lines_added, lines_deleted, repo_id, user_id) VALUES
    ("py001", "Initialize Python web framework", "2025-07-01 10:05:00", 600, 0, 1055432100, 174858312),
    ("py002", "Add routing system", "2025-07-02 14:20:00", 400, 50, 1055432100, 174858312),
    ("py003", "Implement middleware", "2025-07-03 11:45:00", 500, 100, 1055432100, 174858312),
    ("vue001", "Setup Vue components library", "2025-07-03 11:35:00", 750, 0, 1055432101, 212506208),
    ("vue002", "Add button component", "2025-07-04 09:15:00", 200, 20, 1055432101, 212506208),
    ("vue003", "Add form components", "2025-07-05 13:30:00", 350, 40, 1055432101, 212506208),
    ("flutter001", "Initialize Flutter mobile app", "2025-07-05 09:20:00", 800, 0, 1055432102, 178605487),
    ("flutter002", "Create home screen UI", "2025-07-06 15:10:00", 600, 50, 1055432102, 178605487),
    ("flutter003", "Add API integration", "2025-07-07 10:50:00", 700, 100, 1055432102, 178605487),
    ("go001", "Setup Golang microservice", "2025-07-08 14:05:00", 650, 0, 1055432103, 200494277),
    ("go002", "Implement REST endpoints", "2025-07-09 11:30:00", 550, 80, 1055432103, 200494277),
    ("go003", "Add database layer", "2025-07-10 16:20:00", 480, 60, 1055432103, 200494277),
    ("rust001", "Initialize Rust system tool", "2025-07-10 12:50:00", 700, 0, 1055432104, 178005446),
    ("rust002", "Implement core functionality", "2025-07-11 14:15:00", 600, 100, 1055432104, 178005446),
    ("rust003", "Add error handling", "2025-07-12 09:45:00", 400, 50, 1055432104, 178005446),
    ("kotlin001", "Setup Kotlin Android app", "2025-07-12 10:35:00", 750, 0, 1055432105, 174858312),
    ("kotlin002", "Create main activity", "2025-07-13 11:20:00", 500, 40, 1055432105, 174858312),
    ("kotlin003", "Add networking layer", "2025-07-14 15:50:00", 650, 80, 1055432105, 174858312),
    ("swift001", "Setup Swift iOS framework", "2025-07-15 16:25:00", 850, 0, 1055432106, 212506208),
    ("swift002", "Create core framework", "2025-07-16 13:10:00", 700, 60, 1055432106, 212506208),
    ("php001", "Initialize PHP CMS", "2025-07-18 13:15:00", 1000, 0, 1055432107, 178605487),
    ("php002", "Add admin panel", "2025-07-19 10:45:00", 800, 100, 1055432107, 178605487),
    ("ruby001", "Setup Ruby on Rails blog", "2025-07-20 15:50:00", 900, 0, 1055432108, 200494277),
    ("ruby002", "Create blog models", "2025-07-21 11:30:00", 600, 50, 1055432108, 200494277),
    ("csharp001", "Initialize C# desktop app", "2025-07-22 11:05:00", 950, 0, 1055432109, 178005446),
    ("csharp002", "Create UI components", "2025-07-23 14:20:00", 700, 80, 1055432109, 178005446),
    ("shell001", "Create shell devops scripts", "2025-07-25 09:35:00", 450, 0, 1055432110, 174858312),
    ("shell002", "Add deployment scripts", "2025-07-26 12:45:00", 350, 30, 1055432110, 174858312),
    ("r001", "Initialize R data science", "2025-07-28 14:20:00", 800, 0, 1055432111, 212506208),
    ("r002", "Add statistical analysis", "2025-07-29 10:15:00", 600, 50, 1055432111, 212506208),

    ("abc1234", "Initialize E-Commerce API project", "2025-07-01 08:35:00", 500, 0, 1012345678, 145623789),
    ("def5678", "Add product endpoints", "2025-07-02 10:45:00", 450, 50, 1012345678, 145623789),
    ("ghi9012", "Implement authentication module", "2025-07-03 14:20:00", 600, 100, 1012345678, 145623789),
    ("jkl3456", "Add order processing logic", "2025-07-05 11:30:00", 700, 150, 1012345678, 145623789),
    ("mno7890", "Setup ML data pipeline", "2025-07-05 10:20:00", 1200, 180, 1013456789, 189445023),
    ("pqr1234", "Train neural network model", "2025-07-08 15:45:00", 850, 120, 1013456789, 189445023),
    ("stu5678", "Optimize model performance", "2025-07-12 09:15:00", 600, 200, 1013456789, 189445023),
    ("vwx9012", "Create React components", "2025-07-10 14:50:00", 800, 90, 1014567890, 156234567),
    ("yza3456", "Add dashboard charts", "2025-07-12 11:20:00", 750, 120, 1014567890, 156234567),
    ("bcd7890", "Implement real-time updates", "2025-07-14 16:10:00", 900, 150, 1014567890, 156234567),
    ("efg1234", "Setup cloud storage buckets", "2025-07-15 09:30:00", 350, 40, 1015678901, 198765432),
    ("hij5678", "Add file upload handler", "2025-07-17 13:45:00", 550, 60, 1015678901, 198765432),
    ("klm9012", "Implement encryption", "2025-07-20 10:50:00", 700, 100, 1015678901, 198765432),
    ("nop3456", "Add API security headers", "2025-07-20 12:00:00", 350, 50, 1016789012, 167890123),
    ("qrs7890", "Implement rate limiting", "2025-07-22 14:15:00", 600, 80, 1016789012, 167890123),
    ("tuv1234", "Add JWT authentication", "2025-07-24 11:30:00", 800, 120, 1016789012, 167890123),
    ("wxy5678", "Setup WebSocket server", "2025-07-25 14:00:00", 450, 30, 1017890123, 175432198),
    ("zab9012", "Add chat message handling", "2025-07-27 10:20:00", 700, 150, 1017890123, 175432198),
    ("cde3456", "Implement user presence", "2025-07-29 15:45:00", 550, 90, 1017890123, 175432198),
    ("fgh7890", "Create data analysis functions", "2025-08-01 16:00:00", 1000, 150, 1018901234, 182109876);

-- Programming Languages (if not already inserted, run only the new ones)
-- Note: This assumes languages 1-20 already exist from the reference

-- Repository Language Associations (for existing users' new repos)
INSERT INTO repository_language (repo_id, language_id, usage_percentage) VALUES
    
    (1055432100, 2, 85.5),     -- Python
    (1055432100, 17, 14.5),    -- SQL
    
    -- Vue Components Library (Thasshien)
    (1055432101, 1, 65.3),     -- JavaScript
    (1055432101, 9, 34.7),     -- TypeScript
    
    -- Mobile App Flutter (Karnaveer10)
    (1055432102, 18, 92.0),    -- Dart
    (1055432102, 4, 8.0),      -- HTML
    
    -- Golang Microservice (amitesh013)
    (1055432103, 10, 88.2),    -- Go
    (1055432103, 17, 11.8),    -- SQL
    
    -- Rust System Tool (Vishwa-Thangapandian)
    (1055432104, 11, 95.4),    -- Rust
    (1055432104, 16, 4.6),     -- Shell
    
    -- Kotlin Android App (BarathThanigai)
    (1055432105, 12, 82.0),    -- Kotlin
    (1055432105, 4, 18.0),     -- HTML
    
    -- Swift iOS Framework (Thasshien)
    (1055432106, 13, 88.9),    -- Swift
    (1055432106, 5, 11.1),     -- CSS
    
    -- PHP CMS System (Karnaveer10)
    (1055432107, 14, 78.5),    -- PHP
    (1055432107, 4, 15.2),     -- HTML
    (1055432107, 5, 6.3),      -- CSS
    
    -- Ruby Rails Blog (amitesh013)
    (1055432108, 15, 80.0),    -- Ruby
    (1055432108, 4, 20.0),     -- HTML
    
    -- C# Desktop App (Vishwa-Thangapandian)
    (1055432109, 8, 92.5),     -- C#
    (1055432109, 5, 7.5),      -- CSS
    
    -- Shell DevOps Scripts (BarathThanigai)
    (1055432110, 16, 100.0),   -- Shell
    
    -- R Data Science (Thasshien)
    (1055432111, 19, 85.0),    -- R
    (1055432111, 17, 15.0),    -- SQL

-- Repository Language Associations (for new users' repos)
    (1012345678, 3, 45.2),     -- Java
    (1012345678, 17, 32.1),    -- SQL
    (1012345678, 4, 18.5),     -- HTML
    (1012345678, 5, 4.2),      -- CSS
    (1013456789, 2, 85.3),     -- Python
    (1013456789, 12, 8.5),     -- Kotlin
    (1013456789, 17, 6.2),     -- SQL
    (1014567890, 1, 60.4),     -- JavaScript
    (1014567890, 9, 25.6),     -- TypeScript
    (1014567890, 5, 14.0),     -- CSS
    (1015678901, 14, 38.7),    -- PHP
    (1015678901, 17, 35.2),    -- SQL
    (1015678901, 4, 26.1),     -- HTML
    (1016789012, 3, 52.1),     -- Java
    (1016789012, 17, 47.9),    -- SQL
    (1017890123, 1, 68.9),     -- JavaScript
    (1017890123, 9, 31.1),     -- TypeScript
    (1018901234, 2, 92.3),     -- Python
    (1018901234, 17, 7.7),     -- SQL
    (1019012345, 10, 35.6),    -- Go
    (1019012345, 3, 32.2),     -- Java
    (1019012345, 17, 32.2),    -- SQL
    (1020123456, 2, 88.9),     -- Python
    (1020123456, 19, 11.1),    -- R
    (1021234567, 1, 45.3),     -- JavaScript
    (1021234567, 9, 54.7),     -- TypeScript
    (1022345678, 16, 50.0),    -- Shell
    (1022345678, 10, 50.0),    -- Go
    (1023456789, 8, 65.4),     -- C#
    (1023456789, 11, 34.6),    -- Rust
    
    -- Additional language coverage (C, C++, MATLAB, VB.Net) for unused languages
    (1055432100, 6, 0.0),      -- C (referenced but no commit)
    (1055432100, 7, 0.0),      -- C++ (referenced but no commit)
    (1055432111, 20, 0.0);     -- MATLAB (referenced but no commit)

-- Issues (for all existing and new repos)
INSERT INTO issue (issue_id, title, status, created_at, repo_id, user_id) VALUES
   
    (106, "Product filtering not working", "open", "2025-07-02 11:00:00", 1012345678, 145623789),
    (107, "Payment gateway integration needed", "open", "2025-07-03 12:15:00", 1012345678, 145623789),
    (108, "Add pagination to product list", "closed", "2025-07-05 14:30:00", 1012345678, 198765432),
    (109, "Model accuracy needs improvement", "open", "2025-07-08 09:45:00", 1013456789, 189445023),
    (110, "Data preprocessing optimization", "open", "2025-07-10 10:20:00", 1013456789, 156234567),
    (111, "Dashboard responsive design fix", "closed", "2025-07-12 15:30:00", 1014567890, 156234567),
    (112, "Add dark mode theme", "open", "2025-07-14 11:45:00", 1014567890, 189445023),
    (113, "Storage quota limit implementation", "closed", "2025-07-18 13:20:00", 1015678901, 198765432),
    (114, "File versioning feature request", "open", "2025-07-20 10:15:00", 1015678901, 145623789),
    (115, "Add CORS support", "closed", "2025-07-22 14:50:00", 1016789012, 167890123),
    (116, "WebSocket connection timeout issue", "open", "2025-07-27 09:30:00", 1017890123, 175432198),
    (117, "Improve chat notification", "open", "2025-07-29 12:00:00", 1017890123, 182109876),
    (118, "Add CSV export functionality", "closed", "2025-08-02 16:45:00", 1018901234, 182109876),
    (119, "Implement GraphQL subscriptions", "open", "2025-08-16 10:30:00", 1021234567, 195432109),
    (120, "Optimize database queries", "open", "2025-08-18 11:20:00", 1019012345, 190876543),
    
   
    (121, "Add request validation", "open", "2025-07-01 10:15:00", 1055432100, 174858312),
    (122, "Improve error messages", "closed", "2025-07-02 14:40:00", 1055432100, 174858312),
    (123, "Add Vue 3 composition API support", "open", "2025-07-03 12:00:00", 1055432101, 212506208),
    (124, "Create component documentation", "closed", "2025-07-05 16:30:00", 1055432101, 212506208),
    (125, "Flutter performance optimization", "open", "2025-07-06 10:20:00", 1055432102, 178605487),
    (126, "Add offline mode support", "open", "2025-07-07 13:45:00", 1055432102, 178605487),
    (127, "Golang service logging", "closed", "2025-07-09 11:50:00", 1055432103, 200494277),
    (128, "Add service health checks", "open", "2025-07-10 15:20:00", 1055432103, 200494277),
    (129, "Rust safety improvements", "open", "2025-07-11 09:30:00", 1055432104, 178005446),
    (130, "Add memory profiling", "closed", "2025-07-12 14:15:00", 1055432104, 178005446),
    (131, "Kotlin testing framework", "open", "2025-07-13 11:40:00", 1055432105, 174858312),
    (132, "Add unit tests", "open", "2025-07-14 10:25:00", 1055432105, 174858312),
    (133, "Swift UI improvements", "closed", "2025-07-16 13:50:00", 1055432106, 212506208),
    (134, "Add dark mode support", "open", "2025-07-17 09:15:00", 1055432106, 212506208),
    (135, "PHP security audit", "open", "2025-07-19 11:30:00", 1055432107, 178605487),
    (136, "Add input sanitization", "closed", "2025-07-20 14:45:00", 1055432107, 178605487),
    (137, "Ruby performance tuning", "open", "2025-07-21 12:10:00", 1055432108, 200494277),
    (138, "Add caching layer", "open", "2025-07-22 15:35:00", 1055432108, 200494277),
    (139, "C# code refactoring", "closed", "2025-07-23 10:50:00", 1055432109, 178005446),
    (140, "Add unit tests", "open", "2025-07-24 13:20:00", 1055432109, 178005446);

-- Pull Requests (for all repos)
INSERT INTO pull_request (pr_id, status, created_at, merged_at, closed_at, repo_id, user_id) VALUES

    (206, "merged", "2025-07-02 11:15:00", "2025-07-03 09:45:00", NULL, 1012345678, 145623789),
    (207, "merged", "2025-07-03 14:30:00", "2025-07-04 10:20:00", NULL, 1012345678, 145623789),
    (208, "open", "2025-07-05 15:00:00", NULL, NULL, 1012345678, 198765432),
    (209, "merged", "2025-07-08 10:00:00", "2025-07-09 14:30:00", NULL, 1013456789, 189445023),
    (210, "merged", "2025-07-12 11:20:00", "2025-07-13 09:15:00", NULL, 1013456789, 156234567),
    (211, "open", "2025-07-14 15:45:00", NULL, NULL, 1014567890, 156234567),
    (212, "merged", "2025-07-15 10:30:00", "2025-07-16 11:00:00", NULL, 1014567890, 189445023),
    (213, "closed", "2025-07-18 13:45:00", NULL, "2025-07-19 10:15:00", 1015678901, 145623789),
    (214, "merged", "2025-07-20 12:00:00", "2025-07-21 14:20:00", NULL, 1015678901, 198765432),
    (215, "merged", "2025-07-22 14:20:00", "2025-07-23 10:30:00", NULL, 1016789012, 167890123),
    (216, "open", "2025-07-27 10:00:00", NULL, NULL, 1017890123, 175432198),
    (217, "merged", "2025-07-29 11:30:00", "2025-07-30 15:45:00", NULL, 1017890123, 182109876),
    (218, "merged", "2025-08-02 16:20:00", "2025-08-03 11:00:00", NULL, 1018901234, 182109876),
    (219, "open", "2025-08-16 10:45:00", NULL, NULL, 1021234567, 195432109),
    (220, "merged", "2025-08-18 12:30:00", "2025-08-19 14:00:00", NULL, 1019012345, 190876543),
    
    (301, "merged", "2025-07-01 10:10:00", "2025-07-01 14:50:00", NULL, 1055432100, 174858312),
    (302, "merged", "2025-07-02 14:30:00", "2025-07-03 09:20:00", NULL, 1055432100, 174858312),
    (303, "open", "2025-07-03 15:10:00", NULL, NULL, 1055432100, 174858312),
    (304, "merged", "2025-07-03 11:45:00", "2025-07-04 10:15:00", NULL, 1055432101, 212506208),
    (305, "merged", "2025-07-04 09:20:00", "2025-07-05 13:45:00", NULL, 1055432101, 212506208),
    (306, "open", "2025-07-05 14:30:00", NULL, NULL, 1055432101, 212506208),
    (307, "merged", "2025-07-05 09:30:00", "2025-07-06 15:20:00", NULL, 1055432102, 178605487),
    (308, "merged", "2025-07-06 15:20:00", "2025-07-07 11:00:00", NULL, 1055432102, 178605487),
    (309, "open", "2025-07-07 11:15:00", NULL, NULL, 1055432102, 178605487),
    (310, "merged", "2025-07-08 14:10:00", "2025-07-09 12:00:00", NULL, 1055432103, 200494277),
    (311, "merged", "2025-07-09 11:45:00", "2025-07-10 17:30:00", NULL, 1055432103, 200494277),
    (312, "open", "2025-07-10 16:25:00", NULL, NULL, 1055432103, 200494277),
    (313, "merged", "2025-07-10 12:55:00", "2025-07-11 14:30:00", NULL, 1055432104, 178005446),
    (314, "merged", "2025-07-11 14:20:00", "2025-07-12 10:00:00", NULL, 1055432104, 178005446),
    (315, "open", "2025-07-12 10:10:00", NULL, NULL, 1055432104, 178005446),
    (316, "merged", "2025-07-12 10:40:00", "2025-07-13 11:40:00", NULL, 1055432105, 174858312),
    (317, "merged", "2025-07-13 11:35:00", "2025-07-14 16:05:00", NULL, 1055432105, 174858312),
    (318, "open", "2025-07-14 16:00:00", NULL, NULL, 1055432105, 174858312),
    (319, "merged", "2025-07-15 16:30:00", "2025-07-16 13:55:00", NULL, 1055432106, 212506208),
    (320, "open", "2025-07-16 13:50:00", NULL, NULL, 1055432106, 212506208),
    (321, "merged", "2025-07-18 13:20:00", "2025-07-19 11:00:00", NULL, 1055432107, 178605487),
    (322, "merged", "2025-07-19 11:30:00", "2025-07-20 15:10:00", NULL, 1055432107, 178605487),
    (323, "open", "2025-07-20 15:00:00", NULL, NULL, 1055432107, 178605487),
    (324, "merged", "2025-07-20 15:55:00", "2025-07-21 12:40:00", NULL, 1055432108, 200494277),
    (325, "open", "2025-07-21 12:30:00", NULL, NULL, 1055432108, 200494277),
    (326, "merged", "2025-07-22 11:10:00", "2025-07-23 11:00:00", NULL, 1055432109, 178005446),
    (327, "merged", "2025-07-23 11:00:00", "2025-07-24 13:50:00", NULL, 1055432109, 178005446),
    (328, "open", "2025-07-24 13:40:00", NULL, NULL, 1055432109, 178005446),
    (329, "merged", "2025-07-25 09:40:00", "2025-07-26 12:50:00", NULL, 1055432110, 174858312),
    (330, "open", "2025-07-26 12:45:00", NULL, NULL, 1055432110, 174858312),
    (331, "merged", "2025-07-28 14:25:00", "2025-07-29 10:30:00", NULL, 1055432111, 212506208),
    (332, "open", "2025-07-29 10:20:00", NULL, NULL, 1055432111, 212506208);

-- Repository Statistics (for existing users' new repos)
INSERT INTO repository_stat (repo_id, stars_count, forks_count, recorded_date) VALUES
    (1055432100, 16, 6, '2025-07-05 10:30:00'),
    (1055432101, 22, 9, '2025-07-10 14:20:00'),
    (1055432102, 18, 8, '2025-07-12 11:45:00'),
    (1055432103, 28, 12, '2025-07-20 09:15:00'),
    (1055432104, 24, 7, '2025-07-22 13:30:00'),
    (1055432105, 14, 5, '2025-07-18 15:20:00'),
    (1055432106, 19, 4, '2025-07-25 10:50:00'),
    (1055432107, 21, 11, '2025-07-28 12:10:00'),
    (1055432108, 17, 6, '2025-07-30 16:40:00'),
    (1055432109, 20, 8, '2025-07-31 11:00:00'),
    (1055432110, 9, 3, '2025-08-01 14:30:00'),
    (1055432111, 26, 10, '2025-08-05 10:20:00'),

    (1012345678, 12, 5, '2025-07-10 10:30:00'),
    (1013456789, 28, 8, '2025-07-15 14:20:00'),
    (1014567890, 18, 6, '2025-07-16 11:45:00'),
    (1015678901, 15, 4, '2025-07-25 09:15:00'),
    (1016789012, 22, 10, '2025-07-30 13:30:00'),
    (1017890123, 16, 7, '2025-08-02 15:20:00'),
    (1018901234, 24, 9, '2025-08-10 10:50:00'),
    (1019012345, 35, 14, '2025-08-15 12:10:00'),
    (1020123456, 42, 18, '2025-08-20 16:40:00'),
    (1021234567, 19, 5, '2025-08-25 11:00:00'),
    (1022345678, 8, 2, '2025-08-28 14:30:00'),
    (1023456789, 31, 12, '2025-09-01 10:20:00');
